subject, item, itempos, targetpos, condition, proficiency, V1, V2, V3, NP1, NP2, PP1, PP2, PP3
nl10, i8, 2, 0, 1, 29, 6.630683, 7.074963, 6.251904, 7.485492, 6.073045, 6.042633, 5.971262, 6.538140
nl10, i10, 6, 1, 1, 29, 7.930566, 5.880533, 5.948035, 6.079933, 6.212606, 6.555357, 6.018593, 6.340359
nl10, i1, 19, 2, -1, 29, 6.124683, NaN, 7.669962, 6.030685, 6.084499, 6.047372, 6.003887, 6.104793
nl10, i16, 23, 2, 1, 29, 6.198479, 6.293419, 6.098074, 6.940222, 6.812345, 5.998937, 5.883322, 6.148468
nl10, i3, 26, 3, -1, 29, 6.091310, NaN, 6.047372, 7.081709, 5.888878, 6.159095, 5.877736, 5.817111
nl10, i15, 29, 3, -1, 29, 5.717028, NaN, 5.697093, 5.891644, 5.860786, 5.771441, 5.826000, 5.666427
nl10, i7, 34, 3, -1, 29, 6.391917, NaN, 6.047372, 6.400257, 6.068426, 6.086775, 5.976351, 6.052089
nl10, i6, 39, 3, 1, 29, 7.591862, 6.169611, 6.047372, 6.576470, 6.553933, 5.908083, 5.852202, 5.717028
nl10, i4, 42, 4, 1, 29, 6.006353, 6.104793, 6.198479, 7.268920, 6.983790, 5.981414, 6.240276, 6.023448
nl10, i13, 44, 5, -1, 29, 6.016157, NaN, 6.075346, 5.998937, 5.880533, 6.066108, 5.831882, 6.263398
nl10, i9, 48, 5, -1, 29, 5.877736, NaN, 5.758902, 5.814131, 5.624018, 5.802118, 5.680173, 5.849325
nl10, i2, 54, 5, 1, 29, 5.605802, 6.881411, 5.916202, 5.799093, 5.849325, 5.768321, 5.820083, 5.857933
nl10, i12, 59, 6, 1, 29, 5.783825, 5.789960, 5.697093, 5.976351, 6.756932, 5.697093, 5.726848, 6.008813
nl10, i5, 62, 7, -1, 29, 5.752573, NaN, 6.210600, 6.601230, 6.269096, 5.937536, 5.837730, 6.173786
nl10, i11, 66, 7, -1, 29, 5.774552, NaN, 5.652489, 5.963579, 5.880533, 5.783825, 5.799093, 5.942799
nl10, i14, 69, 7, 1, 29, 6.727432, 5.758902, 5.877736, 6.758095, 5.834811, 5.814131, 6.270988, 6.859615
nl11, i10, 3, 0, -1, 30, 6.109248, NaN, 6.527958, 8.006368, 7.346655, 6.282267, 5.932245, 6.876265
nl11, i14, 7, 0, -1, 30, 6.224558, NaN, 6.171701, 6.206576, 6.336826, 5.991465, 6.255750, 7.368340
nl11, i8, 10, 0, -1, 30, 7.422971, NaN, 6.232448, 6.070738, 6.018593, 6.381816, 5.993961, 5.755742
nl11, i7, 14, 0, 1, 30, 5.710427, 6.990257, 6.135565, 6.175867, 7.202661, 5.755742, 6.391917, 5.817111
nl11, i9, 16, 1, 1, 30, 5.883322, 8.096513, 7.672758, 5.883322, 5.991465, 5.916202, 5.840642, 5.746203
nl11, i3, 23, 2, 1, 30, 5.241747, 6.232448, 5.891644, 6.073045, 6.343880, 6.109248, 5.886104, 6.047372
nl11, i2, 25, 3, -1, 30, 5.036953, NaN, 7.387709, 5.880533, 6.656727, 5.820083, 5.899897, 6.452049
nl11, i16, 32, 3, -1, 30, 6.228511, NaN, 5.926926, 5.849325, 5.869297, 6.970730, 5.713733, 6.242223
nl11, i11, 36, 3, 1, 30, 5.056246, 6.308098, 5.777652, 5.402677, 5.831882, 6.131226, 6.317165, 5.736572
nl11, i12, 41, 4, -1, 30, 5.648974, NaN, 5.525453, 6.206576, 5.389072, 6.152733, 5.303305, 6.756932
nl11, i1, 48, 4, 1, 30, 5.438079, 5.583496, 5.652489, 5.590987, 5.583496, 5.789960, 5.513429, 6.244167
nl11, i4, 53, 5, -1, 30, 5.768321, NaN, 5.652489, 5.645447, 5.902633, 6.388561, 5.583496, 5.683580
nl11, i13, 57, 5, 1, 30, 5.517453, 5.480639, 5.659482, 6.487684, 5.549076, 6.282267, 5.497168, 6.206576
nl11, i6, 63, 6, -1, 30, 5.888878, NaN, 5.743003, 6.040255, 5.662960, 6.282267, 5.560682, 5.866468
nl11, i15, 67, 6, 1, 30, 5.686975, 6.040255, 5.888878, 5.817111, 7.588830, 5.472271, 5.771441, 5.594711
nl11, i5, 69, 7, 1, 30, 5.583496, 5.638355, 5.680173, 5.662960, 5.572154, 5.521461, 5.613128, 5.568345
nl12, i1, 2, 0, -1, 28, 6.526495, NaN, 6.424869, 6.331502, 6.519147, 6.194405, 6.086775, 5.991465
nl12, i2, 5, 0, 1, 28, 6.406880, 6.428105, 6.371612, 7.422374, 6.013715, 6.093570, 6.023448, 6.011267
nl12, i11, 14, 1, -1, 28, 5.950643, NaN, 6.736967, 5.913503, 6.035481, 5.894403, 5.796058, 5.880533
nl12, i10, 17, 1, 1, 28, 5.752573, 5.837730, 5.774552, 5.880533, 6.218600, 5.828946, 5.857933, 5.755742
nl12, i3, 20, 2, -1, 28, 5.902633, NaN, 5.902633, 6.139885, 7.011214, 5.888878, 5.799093, 6.200509
nl12, i14, 24, 2, 1, 28, 5.669881, 5.710427, 5.814131, 5.680173, 5.799093, 5.697093, 5.683580, 5.837730
nl12, i15, 28, 3, -1, 28, 5.662960, NaN, 5.666427, 5.690359, 5.627621, 5.726848, 5.556828, 5.648974
nl12, i9, 33, 3, -1, 28, 5.655992, NaN, 5.572154, 5.891644, 5.609472, 5.590987, 5.968708, 5.541264
nl12, i16, 36, 3, 1, 28, 5.541264, 5.634790, 5.777652, 5.746203, 5.537334, 5.579730, 5.697093, 5.624018
nl12, i13, 38, 4, -1, 28, 5.855072, NaN, 5.641907, 5.552960, 5.631212, 5.552960, 5.697093, 5.513429
nl12, i5, 42, 4, -1, 28, 5.513429, NaN, 5.693732, 5.541264, 5.537334, 5.908083, 5.541264, 5.429346
nl12, i12, 45, 4, 1, 28, 5.433722, 5.525453, 5.634790, 5.673323, 5.480639, 5.402677, 5.318120, 6.139885
nl12, i7, 52, 5, -1, 28, 5.509388, NaN, 5.556828, 5.288267, 5.273000, 5.828946, 5.231109, 5.278115
nl12, i6, 56, 5, 1, 28, 5.703782, 5.826000, 5.733341, 5.572154, 5.424950, 6.054439, 5.384495, 5.209486
nl12, i4, 64, 6, 1, 28, 5.337538, 5.337538, 5.451038, 5.736572, 5.288267, 5.267858, 5.252273, 5.442418
nl12, i8, 67, 7, 1, 28, 5.529429, 5.459586, 5.472271, 5.393628, 5.402677, 5.318120, 5.375278, 5.356586
nl14, i14, 4, 0, 1, 28, 6.455199, 7.781973, 7.093405, 6.480045, 7.158514, 6.214608, 7.360740, 6.575076
nl14, i2, 9, 1, 1, 28, 7.808323, 6.442540, 7.119636, 8.472405, 6.376727, 6.276643, 6.248043, 6.584791
nl14, i5, 12, 2, -1, 28, 6.618739, NaN, 6.648985, 6.200509, 6.429719, 6.248043, 6.573680, 6.336826
nl14, i11, 14, 2, -1, 28, 6.529419, NaN, 7.757906, 6.098074, 6.115892, 6.306275, 6.216606, 6.416732
nl14, i8, 19, 2, 1, 28, 6.320768, 7.452982, 7.988882, 6.469250, 6.974479, 6.276643, 6.079933, 6.584791
nl14, i10, 24, 3, 1, 28, 6.767343, 6.628041, 7.370231, 7.053586, 6.551080, 6.216606, 6.131226, 6.320768
nl14, i4, 31, 4, 1, 28, 6.541030, 7.286192, 6.660575, 7.052721, 6.416732, 6.405228, 6.165418, 6.690842
nl14, i12, 35, 5, 1, 28, 6.263398, 6.728629, 7.011214, 7.574558, 6.660575, 6.059123, 6.040255, 6.391917
nl14, i7, 38, 6, -1, 28, 6.629363, NaN, 6.719013, 7.183112, 6.629363, 6.628041, 6.167516, 6.403574
nl14, i6, 42, 6, 1, 28, 6.481577, 7.409742, 6.888572, 7.252762, 6.131226, 6.198479, 6.291569, 6.670766
nl14, i16, 45, 7, 1, 28, 6.481577, 6.756932, 7.528869, 6.871091, 6.165418, 6.492240, 6.416732, 6.418365
nl14, i9, 52, 8, -1, 28, 6.278521, NaN, 6.230481, 6.098074, 6.575076, 6.308098, 6.539586, 6.405228
nl14, i13, 54, 8, -1, 28, 6.001415, NaN, 6.871091, 6.061457, 6.562444, 6.200509, 5.981414, 6.418365
nl14, i15, 56, 8, -1, 28, 6.563856, NaN, 7.679714, 6.812345, 6.216606, 6.095825, 6.023448, 6.246107
nl14, i1, 60, 8, -1, 28, 6.216606, NaN, 6.928538, 6.148468, 6.431331, 6.650279, 6.150603, 6.378426
nl14, i3, 66, 8, -1, 28, 6.838405, NaN, 6.320768, 6.003887, 6.095825, 6.098074, 6.077642, 6.098074
nl15, i15, 4, 0, 1, 27, 8.077447, 6.432940, 7.351158, 7.824846, 6.406880, 6.135565, 6.368187, 6.324359
nl15, i4, 8, 1, -1, 27, 8.225235, NaN, 6.419995, 6.006353, 6.380123, 6.380123, 5.966147, 6.598509
nl15, i8, 10, 1, -1, 27, 6.186209, NaN, 6.470800, 7.165493, 6.889591, 5.966147, 5.880533, 6.565265
nl15, i5, 18, 1, 1, 27, 5.902633, 6.135565, 5.880533, 6.967909, 6.202536, 5.924256, 7.165493, 6.380123
nl15, i3, 22, 2, 1, 27, 6.152733, 6.152733, 6.937314, 6.352629, 6.519147, 6.152733, 5.966147, 5.834811
nl15, i9, 24, 3, 1, 27, 6.495266, 6.406880, 6.848005, 6.025866, 6.118097, 6.218600, 5.857933, 6.006353
nl15, i16, 28, 4, -1, 27, 6.470800, NaN, 5.902633, 5.986452, 5.857933, 6.218600, 5.762051, 6.249975
nl15, i12, 36, 4, -1, 27, 6.202536, NaN, 6.169611, 5.902633, 6.630683, 6.186209, 6.025866, 6.483107
nl15, i2, 41, 4, -1, 27, 6.025866, NaN, 6.200509, 5.811141, 5.924256, 6.135565, 5.786897, 6.542472
nl15, i6, 44, 4, -1, 27, 5.986452, NaN, 5.762051, 5.945421, 5.986452, 5.710427, 5.627621, 5.902633
nl15, i14, 47, 4, -1, 27, 5.834811, NaN, 6.380123, 5.857933, 5.880533, 5.945421, 5.880533, 6.324359
nl15, i1, 56, 4, 1, 27, 5.655992, 6.135565, 5.924256, 5.986452, 5.710427, 6.025866, 5.736572, 5.924256
nl15, i10, 59, 5, -1, 27, 5.472271, NaN, 6.186209, 5.288267, 5.811141, 5.986452, 5.786897, 5.402677
nl15, i11, 62, 5, 1, 27, 5.786897, 5.811141, 5.683580, 5.736572, 6.063785, 5.655992, 5.811141, 5.880533
nl15, i13, 66, 6, 1, 27, 5.438079, 5.811141, 5.683580, 5.786897, 6.265301, 5.710427, 5.834811, 6.495266
nl15, i7, 68, 7, 1, 27, 5.683580, 5.537334, 5.786897, 5.902633, 5.834811, 5.902633, 5.902633, 5.398163
nl16, i4, 3, 0, 1, 28, 6.461468, 6.726233, 6.695799, 6.902743, 6.925595, 6.562444, 6.398595, 6.476972
nl16, i6, 8, 1, 1, 28, 6.398595, 7.776115, 7.757906, 6.270988, 6.437752, 6.282267, 6.267201, 6.447306
nl16, i14, 14, 2, 1, 28, 6.641182, 8.065265, 7.885705, 6.269096, 6.675823, 6.093570, 6.084499, 5.916202
nl16, i15, 20, 3, -1, 28, 6.922644, NaN, 6.418365, 6.186209, 6.519147, 6.124683, 6.126869, 6.493754
nl16, i3, 22, 3, -1, 28, 6.455199, NaN, 7.643962, 6.364751, 6.448889, 6.033086, 5.834811, 6.267201
nl16, i7, 26, 3, -1, 28, 8.115521, NaN, 7.842671, 6.349139, 8.257645, 6.118097, 5.902633, 6.270988
nl16, i8, 35, 3, 1, 28, 7.653020, 8.084562, 6.180017, 6.408529, 6.135565, 6.551080, 6.214608, 6.826545
nl16, i2, 37, 4, 1, 28, 6.406880, 6.879356, 7.049255, 6.386879, 6.289716, 6.593045, 6.124683, 6.920672
nl16, i5, 40, 5, -1, 28, 8.288283, NaN, 8.631414, 6.704414, 6.558198, 6.329721, 8.487970, 7.176255
nl16, i16, 47, 5, 1, 28, 8.214736, 7.764721, 7.170120, 7.139660, 6.639876, 6.308098, 6.111467, 6.601230
nl16, i11, 50, 6, -1, 28, 7.918265, NaN, 8.936035, 6.234411, 7.463363, 6.725034, 6.230481, 6.410175
nl16, i1, 54, 6, -1, 28, 8.196161, NaN, 8.443116, 6.493754, 6.165418, 6.186209, 5.899897, 6.472346
nl16, i12, 60, 6, 1, 28, 8.278174, 7.078342, 8.014336, 6.937314, 6.371612, 6.208590, 5.953243, 6.625392
nl16, i13, 66, 7, -1, 28, 8.206584, NaN, 7.589842, 6.740519, 6.335054, 6.398595, 6.124683, 6.182085
nl16, i9, 71, 7, -1, 28, 6.349139, NaN, 7.337588, 8.276140, 6.628041, 6.040255, 5.953243, 6.775366
nl19, i2, 2, 0, -1, 28, 5.863631, NaN, 6.021023, 5.891644, 6.208590, 5.883322, 5.820083, 5.811141
nl19, i11, 5, 0, 1, 28, 6.383507, 5.940171, 5.958425, 6.529419, 6.056784, 5.929589, 5.899897, 5.968708
nl19, i7, 9, 1, 1, 28, 5.968708, 6.206576, 5.799093, 6.077642, 6.709304, 5.828946, 5.820083, 5.872118
nl19, i9, 15, 2, 1, 28, 5.891644, 5.902633, 5.857933, 6.098074, 5.993961, 5.894403, 5.768321, 5.886104
nl19, i13, 17, 3, 1, 28, 5.916202, 5.726848, 5.918894, 6.107023, 5.713733, 5.921578, 5.855072, 6.003887
nl19, i5, 31, 4, 1, 28, 5.869297, 5.680173, 5.752573, 5.872118, 5.863631, 5.899897, 5.620401, 5.860786
nl19, i1, 33, 5, 1, 28, 5.726848, 5.733341, 5.849325, 6.935370, 5.860786, 5.942799, 5.802118, 5.720312
nl19, i12, 37, 6, -1, 28, 5.673323, NaN, 5.641907, 5.655992, 5.726848, 5.746203, 5.739793, 5.693732
nl19, i10, 43, 6, -1, 28, 5.659482, NaN, 5.720312, 5.786897, 6.035481, 6.186209, 5.690359, 5.707110
nl19, i14, 50, 6, -1, 28, 5.552960, NaN, 5.837730, 5.852202, 5.958425, 5.746203, 5.726848, 5.697093
nl19, i3, 54, 6, 1, 28, 5.703782, 5.805135, 5.828946, 6.364751, 5.755742, 5.945421, 5.877736, 5.666427
nl19, i4, 56, 7, -1, 28, 5.789960, NaN, 5.710427, 5.921578, 5.846439, 5.765191, 5.916202, 5.768321
nl19, i8, 59, 7, -1, 28, 5.501258, NaN, 6.054439, 5.720312, 5.743003, 5.762051, 5.659482, 5.820083
nl19, i15, 61, 7, 1, 28, 5.793014, 5.749393, 5.746203, 5.723585, 5.786897, 5.659482, 6.033086, 5.579730
nl19, i16, 67, 8, -1, 28, 5.666427, NaN, 5.765191, 5.631212, 5.655992, 5.762051, 5.673323, 5.755742
nl19, i6, 70, 8, -1, 28, 5.723585, NaN, 5.746203, 5.814131, 5.717028, 5.771441, 5.849325, 5.631212
nl2, i15, 3, 0, -1, 26, 6.499787, NaN, 7.765993, 5.918894, 6.459904, 6.173786, 5.942799, 6.375025
nl2, i10, 6, 0, 1, 26, 6.214608, 6.928538, 7.907284, 5.991465, 6.154858, 5.993961, 6.111467, 6.525030
nl2, i1, 12, 1, -1, 26, 6.453625, NaN, 6.904751, 5.986452, 6.728629, 6.373320, 6.447306, 6.744059
nl2, i8, 15, 1, 1, 26, 6.154858, 5.921578, 6.396930, 6.077642, 6.075346, 5.971262, 6.953684, 6.364751
nl2, i2, 17, 2, 1, 26, 6.206576, 7.062192, 7.556428, 6.052089, 6.253829, 6.349139, 6.054439, 6.508769
nl2, i4, 22, 3, 1, 26, 6.003887, 7.932003, 6.091310, 6.228511, 7.428333, 6.021023, 5.940171, 6.059123
nl2, i12, 30, 4, 1, 26, 6.133398, 7.535830, 5.831882, 7.385851, 6.016157, 6.086775, 5.942799, 6.302619
nl2, i13, 33, 5, -1, 26, 6.184149, NaN, 6.410175, 5.978886, 5.823046, 6.265301, 6.683361, 6.551080
nl2, i6, 36, 5, 1, 26, 6.196444, 6.936343, 6.218600, 7.247081, 7.136483, 6.186209, 6.284134, 6.054439
nl2, i9, 41, 6, -1, 26, 6.102559, NaN, 7.803843, 5.934894, 6.204558, 6.089045, 5.908083, 6.167516
nl2, i3, 46, 6, -1, 26, 6.025866, NaN, 5.976351, 5.918894, 5.690359, 5.916202, 5.634790, 5.958425
nl2, i5, 54, 6, -1, 26, 6.790097, NaN, 6.059123, 5.717028, 5.743003, 6.018593, 5.826000, 5.961005
nl2, i14, 59, 6, 1, 26, 5.948035, 5.998937, 6.274762, 6.306275, 5.846439, 6.059123, 5.805135, 5.932245
nl2, i11, 62, 7, -1, 26, 6.517671, NaN, 6.779922, 6.754604, 7.220374, 5.948035, 5.560682, 6.146329
nl2, i7, 66, 7, -1, 26, 5.680173, NaN, 6.577861, 6.047372, 5.717028, 5.697093, 5.697093, 6.023448
nl2, i16, 70, 7, 1, 26, 7.997327, 6.401917, 6.102559, 7.540622, 5.869297, 5.932245, 5.888878, 6.248043
nl20, i1, 2, 0, -1, 29, 6.190315, NaN, 6.925595, 6.555357, 6.410175, 6.224558, 6.148468, 6.257668
nl20, i8, 5, 0, 1, 29, 7.565275, 7.370860, 6.835185, 6.588926, 6.855409, 6.541030, 6.472346, 7.388328
nl20, i4, 7, 1, 1, 29, 7.643483, 6.606650, 6.945051, 6.419995, 6.584791, 6.502790, 6.774224, 6.517671
nl20, i13, 12, 2, -1, 29, 7.747165, NaN, 6.930495, 6.287859, 6.597146, 6.212606, 6.194405, 6.244167
nl20, i12, 18, 2, 1, 29, 8.337588, 7.596392, 7.980024, 6.180017, 6.803505, 6.214608, 6.161207, 6.586172
nl20, i16, 22, 3, 1, 29, 7.476472, 6.257668, 8.210396, 6.342121, 6.285998, 6.293419, 6.084499, 6.333280
nl20, i7, 29, 4, -1, 29, 6.018593, NaN, 7.315884, 6.349139, 6.129050, 6.148468, 6.025866, 6.129050
nl20, i2, 37, 4, 1, 29, 6.204558, 6.212606, 6.150603, 6.238325, 7.072422, 6.569481, 5.910797, 6.359574
nl20, i6, 43, 5, 1, 29, 5.910797, 5.961005, 6.622736, 6.563856, 6.333280, 7.193686, 6.622736, 6.302619
nl20, i14, 47, 6, 1, 29, 6.882437, 6.720220, 6.842683, 7.005789, 6.261492, 6.285998, 6.236370, 6.347389
nl20, i9, 54, 7, -1, 29, 7.325149, NaN, 7.054450, 6.100319, 7.145984, 6.393591, 6.244167, 6.167516
nl20, i15, 57, 7, -1, 29, 7.218910, NaN, 7.628031, 6.987490, 7.276556, 6.084499, 5.950643, 6.079933
nl20, i5, 59, 7, -1, 29, 6.216606, NaN, 6.536692, 6.532334, 6.287859, 6.150603, 5.855072, 5.575949
nl20, i11, 62, 7, -1, 29, 6.359574, NaN, 6.695799, 6.461468, 6.184149, 6.242223, 5.789960, 5.950643
nl20, i3, 65, 7, -1, 29, 6.154858, NaN, 6.424869, 6.287859, 6.232448, 6.212606, 6.006353, 6.006353
nl20, i10, 70, 7, 1, 29, 6.617403, 6.744059, 7.321850, 6.109248, 6.350886, 6.601230, 5.932245, 5.796058
nl21, i2, 4, 0, -1, 27, 6.625392, NaN, 6.455199, 6.695799, 6.622736, 6.502790, 6.426488, 6.513230
nl21, i13, 7, 0, 1, 27, 6.695799, 7.102499, 6.637258, 6.597146, 6.381816, 6.434547, 6.356108, 6.259581
nl21, i15, 12, 1, 1, 27, 6.326149, 6.439350, 6.167516, 6.369901, 6.481577, 6.297109, 6.278521, 6.368187
nl21, i6, 17, 2, -1, 27, 6.272877, NaN, 6.371612, 6.113682, 6.104793, 5.955837, 6.063785, 6.230481
nl21, i16, 20, 2, -1, 27, 6.842683, NaN, 6.236370, 6.364751, 6.570883, 6.200509, 6.204558, 6.253829
nl21, i10, 25, 2, -1, 27, 6.192362, NaN, 6.432940, 6.423247, 6.196444, 6.304449, 6.287859, 6.666957
nl21, i1, 27, 2, 1, 27, 6.104793, 6.113682, 6.129050, 6.276643, 6.248043, 6.133398, 6.261492, 6.216606
nl21, i9, 29, 3, 1, 27, 6.357842, 6.677083, 4.927254, 7.454720, 6.426488, 6.246107, 6.146329, 6.184149
nl21, i7, 31, 4, 1, 27, 6.013715, 6.120297, 6.033086, 6.333280, 6.173786, 5.945421, 5.894403, 6.068426
nl21, i14, 40, 5, -1, 27, 6.049733, NaN, 5.991465, 6.006353, 6.093570, 6.011267, 6.079933, 6.133398
nl21, i12, 43, 5, -1, 27, 5.710427, NaN, 6.336826, 5.774552, 6.135565, 6.059123, 5.786897, 6.068426
nl21, i11, 50, 5, 1, 27, 5.913503, 5.796058, 5.587249, 6.311735, 6.124683, 6.023448, 5.796058, 6.045005
nl21, i5, 53, 6, 1, 27, 5.961005, 5.843544, 6.035481, 5.802118, 6.059123, 5.996452, 5.902633, 5.874931
nl21, i8, 61, 7, -1, 27, 5.883322, NaN, 5.929589, 5.971262, 5.771441, 6.045005, 5.877736, 5.929589
nl21, i4, 67, 7, -1, 27, 5.961005, NaN, 5.966147, 6.104793, 6.246107, 6.186209, 6.018593, 6.126869
nl21, i3, 70, 7, 1, 27, 6.066108, 6.013715, 5.948035, 6.173786, 5.937536, 6.089045, 5.680173, 5.602119
nl22, i6, 3, 0, 1, 28, 6.079933, 7.074117, 6.278521, 6.670766, 6.516193, 6.003887, 5.918894, 6.023448
nl22, i4, 5, 1, 1, 28, 6.605298, 6.391917, 6.320768, 6.951772, 6.728629, 6.278521, 5.940171, 5.942799
nl22, i8, 9, 2, 1, 28, 6.115892, 6.650279, 5.755742, 6.216606, 7.031741, 5.899897, 5.897154, 6.133398
nl22, i1, 19, 3, -1, 28, 5.921578, NaN, 6.608001, 6.061457, 6.378426, 5.921578, 5.805135, 5.808142
nl22, i10, 23, 3, 1, 28, 6.098074, 6.320768, 6.959399, 6.198479, 7.438972, 5.961005, 5.805135, 6.003887
nl22, i15, 28, 4, -1, 28, 6.812345, NaN, 6.261492, 5.783825, 6.248043, 5.983936, 5.828946, 5.942799
nl22, i9, 33, 4, -1, 28, 5.680173, NaN, 6.679599, 7.286876, 6.200509, 5.918894, 5.808142, 5.624018
nl22, i12, 35, 4, 1, 28, 5.942799, 8.871365, 5.828946, 6.690842, 6.021023, 5.877736, 5.620401, 5.533389
nl22, i3, 40, 5, -1, 28, 5.855072, NaN, 5.620401, 5.758902, 5.497168, 5.831882, 5.590987, 5.564520
nl22, i13, 44, 5, -1, 28, 5.877736, NaN, 5.897154, 5.877736, 6.184149, 6.133398, 6.042633, 6.597146
nl22, i14, 47, 5, 1, 28, 6.079933, 5.624018, 6.738152, 6.216606, 5.808142, 5.703782, 5.497168, 5.680173
nl22, i5, 52, 6, -1, 28, 5.560682, NaN, 5.942799, 5.828946, 5.564520, 6.429719, 5.501258, 5.899897
nl22, i2, 57, 6, 1, 28, 5.680173, 6.077642, 5.680173, 5.780744, 5.624018, 6.291569, 5.564520, 5.590987
nl22, i7, 63, 7, -1, 28, 6.505784, NaN, 6.113682, 6.336826, 5.755742, 5.808142, 5.620401, 5.624018
nl22, i16, 65, 7, 1, 28, 5.707110, 7.067320, 7.350516, 5.918894, 6.444131, 5.560682, 5.624018, 5.501258
nl22, i11, 69, 8, -1, 28, 6.322565, NaN, 5.940171, 5.942799, 6.349139, 5.921578, 5.680173, 5.680173
nl23, i13, 2, 0, 1, 29, 7.672292, 6.113682, 6.395262, 6.194405, 6.725034, 6.628041, 6.672033, 6.656727
nl23, i6, 10, 1, -1, 29, 6.584791, NaN, 6.504288, 6.008813, 6.381816, 6.345636, 5.866468, 6.049733
nl23, i14, 14, 1, -1, 29, 6.646391, NaN, 6.467699, 6.432940, 6.220590, 6.200509, 5.942799, 6.356108
nl23, i11, 18, 1, 1, 29, 6.577861, 6.122493, 6.070738, 6.324359, 7.034388, 6.190315, 5.966147, 6.445720
nl23, i7, 22, 2, 1, 29, 6.006353, 5.940171, 6.006353, 6.047372, 6.577861, 5.950643, 5.913503, 6.234411
nl23, i3, 26, 3, 1, 29, 6.139885, 6.091310, 6.204558, 6.021023, 6.150603, 6.142037, 5.883322, 6.154858
nl23, i2, 31, 4, -1, 29, 5.966147, NaN, 5.955837, 6.052089, 6.030685, 5.899897, 5.808142, 5.968708
nl23, i16, 37, 4, -1, 29, 5.736572, NaN, 5.843544, 5.817111, 5.874931, 5.874931, 5.874931, 5.918894
nl23, i4, 40, 4, -1, 29, 5.831882, NaN, 5.789960, 5.924256, 5.820083, 5.774552, 5.789960, 5.840642
nl23, i10, 45, 4, -1, 29, 5.852202, NaN, 5.849325, 6.575076, 6.033086, 5.926926, 5.855072, 5.894403
nl23, i12, 49, 4, -1, 29, 5.726848, NaN, 5.768321, 5.966147, 5.820083, 5.888878, 5.771441, 5.899897
nl23, i8, 54, 4, -1, 29, 5.817111, NaN, 6.259581, 5.874931, 5.793014, 6.255750, 5.634790, 5.961005
nl23, i5, 58, 4, 1, 29, 5.902633, 5.958425, 6.113682, 6.003887, 5.700444, 6.008813, 5.529429, 6.249975
nl23, i9, 62, 5, 1, 29, 5.587249, 5.700444, 5.739793, 5.777652, 5.786897, 6.052089, 5.966147, 5.880533
nl23, i1, 65, 6, 1, 29, 5.768321, 5.826000, 5.910797, 5.707110, 5.774552, 5.768321, 5.634790, 5.802118
nl23, i15, 69, 7, 1, 29, 5.834811, 5.902633, 5.973810, 5.942799, 5.869297, 5.899897, 5.749393, 5.852202
nl24, i15, 2, 0, -1, 27, 8.327968, NaN, 8.453827, 6.955593, 7.191429, 6.838405, 6.661855, 6.964136
nl24, i13, 7, 0, -1, 27, 8.355615, NaN, 6.970730, 7.578145, 7.189922, 7.075809, 7.373374, 6.626718
nl24, i10, 11, 0, 1, 27, 8.076826, 7.392032, 7.287561, 6.614726, 8.058644, 6.597146, 6.632002, 6.823286
nl24, i6, 13, 1, 1, 27, 8.536211, 6.431331, 7.298445, 6.395262, 7.697121, 6.291569, 6.107023, 6.269096
nl24, i3, 16, 2, -1, 27, 7.560080, NaN, 6.516193, 6.444131, 7.509335, 6.403574, 6.228511, 6.846943
nl24, i4, 20, 2, 1, 27, 8.330864, 6.894670, 6.996681, 7.431892, 6.398595, 6.182085, 5.971262, 6.529419
nl24, i8, 23, 3, 1, 27, 7.903227, 7.231287, 6.605298, 6.969791, 6.285998, 6.529419, 6.242223, 6.369901
nl24, i12, 30, 4, 1, 27, 6.352629, 6.701960, 6.413459, 6.118097, 7.106606, 6.535241, 6.135565, 7.508787
nl24, i9, 33, 5, -1, 27, 6.383507, NaN, 6.602588, 6.380123, 6.383507, 6.476972, 6.626718, 6.075346
nl24, i14, 37, 5, 1, 27, 6.336826, 6.838405, 6.298949, 7.544332, 7.189922, 7.196687, 7.104965, 6.610696
nl24, i1, 43, 6, -1, 27, 7.448916, NaN, 8.004032, 6.236370, 6.107023, 6.317165, 6.098074, 7.761745
nl24, i11, 47, 6, -1, 27, 6.300786, NaN, 6.364751, 7.095064, 7.082549, 6.261492, 6.008813, 6.545350
nl24, i7, 55, 6, -1, 27, 6.100319, NaN, 6.563856, 6.453625, 7.247793, 6.973543, 6.173786, 7.710653
nl24, i2, 63, 6, 1, 27, 6.381816, 6.941190, 7.360740, 6.364751, 6.601230, 6.317165, 5.998937, 7.375882
nl24, i16, 67, 7, 1, 27, 5.866468, 6.257668, 6.035481, 6.025866, 6.098074, 6.274762, 5.968708, 6.040255
nl24, i5, 69, 8, -1, 27, 6.169611, NaN, 6.942157, 6.093570, 6.835185, 6.673298, 6.084499, 6.434547
nl25, i16, 5, 0, -1, 29, 6.079933, NaN, 6.265301, 6.558198, 5.857933, 5.849325, 5.755742, 6.030685
nl25, i5, 8, 0, 1, 29, 6.025866, 7.025538, 7.718241, 6.003887, 6.049733, 6.142037, 5.937536, 6.220590
nl25, i3, 14, 1, 1, 29, 6.598509, 7.288244, 8.113726, 7.120444, 5.948035, 6.040255, 5.752573, 5.948035
nl25, i10, 17, 2, -1, 29, 7.070724, NaN, 7.661056, 6.796824, 6.590301, 6.558198, 6.124683, 6.492240
nl25, i8, 19, 2, -1, 29, 8.272826, NaN, 6.423247, 6.100319, 5.758902, 6.100319, 5.814131, 5.572154
nl25, i2, 24, 2, -1, 29, 6.398595, NaN, 6.364751, 6.122493, 7.992945, 5.948035, 5.703782, 5.872118
nl25, i13, 29, 2, 1, 29, 8.290794, 6.440947, 6.463029, 7.348588, 6.498282, 6.349139, 5.749393, 5.926926
nl25, i6, 33, 3, -1, 29, 6.498282, NaN, 6.464588, 5.958425, 6.216606, 6.033086, 5.837730, 5.799093
nl25, i15, 38, 3, 1, 29, 6.501290, 9.191769, 5.805135, 7.266129, 7.589336, 5.934894, 5.710427, 5.605802
nl25, i9, 42, 4, 1, 29, 5.720312, 6.614726, 6.124683, 6.033086, 5.707110, 5.932245, 5.616771, 5.572154
nl25, i11, 48, 5, 1, 29, 7.731053, 7.772332, 8.434898, 6.490724, 5.811141, 5.958425, 5.545177, 5.855072
nl25, i12, 55, 6, -1, 29, 5.888878, NaN, 7.892452, 6.318968, 6.234411, 6.066108, 6.079933, 6.679599
nl25, i7, 58, 6, 1, 29, 5.926926, 5.568345, 5.697093, 6.154858, 6.302619, 5.857933, 5.568345, 5.273000
nl25, i14, 62, 7, -1, 29, 6.236370, NaN, 5.762051, 5.602119, 5.837730, 6.182085, 5.602119, 5.493061
nl25, i1, 64, 7, 1, 29, 6.131226, 5.968708, 5.814131, 5.888878, 5.826000, 6.270988, 5.669881, 5.605802
nl25, i4, 71, 8, -1, 29, 5.645447, NaN, 5.560682, 5.659482, 5.780744, 5.720312, 5.826000, 5.505332
nl26, i11, 5, 0, -1, 27, 8.225235, NaN, 8.269245, 6.458338, 6.338594, 6.265301, 5.986452, 6.712956
nl26, i7, 8, 0, -1, 27, 6.641182, NaN, 8.277412, 6.419995, 7.439559, 6.495266, 5.945421, 6.682109
nl26, i14, 11, 0, 1, 27, 9.130756, 6.975414, 7.599902, 7.476472, 6.338594, 5.986452, 5.834811, 6.380123
nl26, i9, 13, 1, -1, 27, 7.054450, NaN, 7.498870, 6.419995, 8.228711, 6.338594, 5.986452, 6.324359
nl26, i1, 17, 1, -1, 27, 7.554859, NaN, 7.599902, 5.902633, 7.550661, 6.218600, 8.561210, 6.740519
nl26, i15, 19, 1, -1, 27, 6.118097, NaN, 7.391415, 5.968708, 6.324359, 6.324359, 5.786897, 6.338594
nl26, i13, 25, 1, -1, 27, 5.857933, NaN, 7.953670, 6.118097, 6.530878, 5.945421, 5.765191, 6.338594
nl26, i8, 27, 1, 1, 27, 6.873164, 6.630683, 7.695303, 6.047372, 7.287561, 5.966147, 6.249975, 5.945421
nl26, i4, 31, 2, 1, 27, 5.834811, 7.376508, 7.916443, 6.338594, 6.280396, 6.063785, 5.786897, 5.902633
nl26, i16, 36, 3, 1, 27, 5.811141, 7.146772, 5.710427, 7.165493, 6.768493, 6.169611, 5.786897, 6.135565
nl26, i5, 46, 4, -1, 27, 8.554682, NaN, 6.366470, 7.661998, 6.234411, 6.082219, 7.160069, 5.505332
nl26, i12, 49, 4, 1, 27, 5.786897, 6.470800, 7.026427, 8.845921, 6.576470, 6.519147, 6.458338, 6.672033
nl26, i10, 51, 5, 1, 27, 6.045005, 7.453562, 7.808729, 5.924256, 6.202536, 5.945421, 5.762051, 5.736572
nl26, i3, 55, 6, -1, 27, 6.100319, NaN, 8.520388, 6.929517, 5.598422, 6.006353, 5.834811, 5.655992
nl26, i2, 62, 6, 1, 27, 6.006353, 8.298788, 7.377134, 5.857933, 5.710427, 6.118097, 5.736572, 6.682109
nl26, i6, 67, 7, 1, 27, 5.710427, 7.503290, 7.471932, 6.063785, 5.736572, 6.118097, 6.118097, 6.338594
nl27, i12, 4, 0, -1, 26, 6.507278, NaN, 6.956545, 6.206576, 7.025538, 6.383507, 6.391917, 6.826545
nl27, i16, 10, 0, -1, 26, 7.639642, NaN, 6.645091, 6.870053, 6.577861, 6.324359, 6.413459, 6.858565
nl27, i2, 18, 0, -1, 26, 6.192362, NaN, 6.891626, 6.285998, 6.208590, 6.308098, 6.086775, 6.546785
nl27, i3, 24, 0, 1, 26, 8.290794, 6.042633, 5.950643, 5.978886, 6.232448, 6.063785, 5.872118, 6.246107
nl27, i13, 28, 1, 1, 26, 5.961005, 6.642487, 6.860664, 6.167516, 6.306275, 6.063785, 6.042633, 6.287859
nl27, i15, 30, 2, 1, 26, 6.381816, 6.882437, 6.118097, 6.006353, 6.566672, 6.253829, 6.052089, 6.368187
nl27, i7, 37, 3, 1, 26, 5.749393, 6.129050, 6.315358, 6.093570, 6.484635, 5.918894, 5.855072, 6.251904
nl27, i5, 40, 4, 1, 26, 8.900413, 6.401917, 6.047372, 6.694562, 6.146329, 6.161207, 6.040255, 6.309918
nl27, i11, 46, 5, 1, 26, 6.620073, 6.198479, 6.466145, 8.105609, 6.542472, 6.267201, 6.073045, 6.418365
nl27, i6, 51, 6, -1, 26, 6.131226, NaN, 6.408529, 6.416732, 6.408529, 6.098074, 6.068426, 7.160069
nl27, i4, 54, 6, -1, 26, 5.849325, NaN, 6.129050, 6.107023, 5.796058, 5.993961, 6.327937, 6.040255
nl27, i9, 58, 6, 1, 26, 6.003887, 6.364751, 6.150603, 6.113682, 6.381816, 6.111467, 6.054439, 6.513230
nl27, i10, 65, 7, -1, 26, 5.953243, NaN, 5.843544, 6.177944, 6.830874, 6.593045, 5.983936, 6.082219
nl27, i14, 67, 7, -1, 26, 7.118826, NaN, 7.301148, 6.208590, 6.709304, 6.175867, 6.135565, 7.113956
nl27, i8, 69, 7, -1, 26, 6.040255, NaN, 5.924256, 6.265301, 7.508787, 5.888878, 6.161207, 6.439350
nl27, i1, 71, 7, 1, 26, 6.350886, 6.759255, 6.075346, 6.248043, 6.553933, 6.378426, 5.796058, 6.263398
nl29, i4, 2, 0, -1, 29, 6.347389, NaN, 7.703459, 6.042633, 6.628041, 6.246107, 6.016157, 6.416732
nl29, i3, 4, 0, 1, 29, 6.628041, 6.437752, 7.899153, 6.089045, 6.842683, 6.276643, 6.104793, 6.361302
nl29, i13, 7, 1, 1, 29, 7.569412, 7.187657, 6.047372, 6.639876, 7.258412, 6.331502, 6.171701, 6.883463
nl29, i6, 9, 2, -1, 29, 6.714171, NaN, 7.491645, 6.109248, 6.769642, 6.192362, 6.086775, 6.113682
nl29, i11, 13, 2, 1, 29, 6.361302, 7.728856, 6.278521, 7.452982, 6.063785, 5.934894, 5.968708, 6.338594
nl29, i1, 17, 3, 1, 29, 6.356108, 6.551080, 6.289716, 7.291656, 6.177944, 6.098074, 6.113682, 6.498282
nl29, i16, 21, 4, -1, 29, 6.202536, NaN, 7.698029, 6.011267, 6.660575, 6.740519, 6.018593, 6.091310
nl29, i5, 26, 4, 1, 29, 6.139885, 8.328934, 6.059123, 7.363280, 6.495266, 6.173786, 5.929589, 6.320768
nl29, i10, 28, 5, -1, 29, 7.515345, NaN, 6.715383, 6.016157, 6.133398, 6.063785, 5.986452, 6.308098
nl29, i14, 33, 5, -1, 29, 6.242223, NaN, 6.467699, 6.472346, 6.381816, 6.499787, 6.133398, 6.265301
nl29, i7, 36, 5, 1, 29, 6.144186, 6.222576, 6.177944, 7.373374, 6.284134, 5.991465, 5.883322, 5.894403
nl29, i15, 40, 6, 1, 29, 6.320768, 6.236370, 6.257668, 7.733246, 6.238325, 6.109248, 6.171701, 7.709308
nl29, i9, 52, 7, 1, 29, 7.454141, 6.091310, 6.089045, 7.118016, 6.272877, 6.137727, 6.133398, 6.204558
nl29, i12, 59, 8, -1, 29, 6.054439, NaN, 7.849324, 6.167516, 6.152733, 6.066108, 6.056784, 6.008813
nl29, i8, 64, 8, -1, 29, 6.129050, NaN, 6.284134, 6.186209, 5.973810, 5.924256, 5.988961, 6.575076
nl29, i2, 69, 8, -1, 29, 5.872118, NaN, 6.265301, 6.244167, 6.025866, 6.025866, 5.993961, 5.888878
nl4, i12, 2, 0, 1, 28, 7.356280, 6.913737, 7.425358, 6.419995, 6.406880, 6.406880, 6.045005, 6.630683
nl4, i14, 5, 1, 1, 28, 7.287561, 6.997596, 6.218600, 7.415777, 7.516433, 6.393591, 7.140453, 6.495266
nl4, i7, 7, 2, -1, 28, 6.530878, NaN, 8.239857, 6.265301, 7.140453, 6.135565, 6.202536, 6.082219
nl4, i1, 9, 2, -1, 28, 6.218600, NaN, 6.366470, 6.082219, 6.495266, 6.249975, 6.025866, 6.202536
nl4, i9, 11, 2, -1, 28, 6.459904, NaN, 6.641182, 6.025866, 6.006353, 6.025866, 5.945421, 5.966147
nl4, i16, 13, 2, 1, 28, 6.186209, 6.630683, 6.393591, 6.587550, 7.219642, 6.202536, 5.945421, 6.152733
nl4, i5, 32, 3, -1, 28, 6.045005, NaN, 6.118097, 6.759255, 6.419995, 6.118097, 6.063785, 6.202536
nl4, i4, 36, 3, 1, 28, 6.045005, 6.133398, 6.120297, 6.045005, 7.054450, 6.280396, 5.945421, 5.986452
nl4, i2, 42, 4, 1, 28, 5.986452, 6.929517, 5.986452, 6.576470, 7.453562, 6.169611, 5.902633, 6.045005
nl4, i11, 44, 5, -1, 28, 6.063785, NaN, 6.135565, 6.169611, 6.749931, 6.082219, 6.100319, 6.393591
nl4, i13, 50, 5, -1, 28, 6.352629, NaN, 6.218600, 6.368187, 6.202536, 5.986452, 6.118097, 6.202536
nl4, i10, 55, 5, 1, 28, 6.186209, 6.118097, 6.804615, 7.361375, 6.905753, 6.082219, 5.924256, 6.063785
nl4, i3, 59, 6, -1, 28, 6.352629, NaN, 6.025866, 6.006353, 6.234411, 6.100319, 5.902633, 5.966147
nl4, i8, 62, 6, 1, 28, 6.025866, 6.006353, 6.295266, 7.439559, 6.295266, 6.309918, 6.082219, 6.186209
nl4, i6, 67, 7, 1, 28, 6.100319, 6.006353, 6.295266, 7.047517, 6.249975, 6.045005, 5.986452, 6.063785
nl4, i15, 70, 8, -1, 28, 5.945421, NaN, 5.966147, 5.902633, 6.169611, 6.152733, 6.025866, 6.118097
nl6, i11, 2, 0, -1, 28, 6.436150, NaN, 6.383507, 6.122493, 6.287859, 6.156979, 6.173786, 6.137727
nl6, i12, 5, 0, 1, 28, 5.645447, 6.016157, 6.011267, 6.016157, 6.597146, 6.040255, 5.545177, 5.780744
nl6, i14, 10, 1, 1, 28, 5.384495, 5.707110, 5.991465, 5.484797, 5.966147, 5.726848, 5.703782, 5.726848
nl6, i4, 14, 2, 1, 28, 5.894403, 5.948035, 5.913503, 5.762051, 5.746203, 5.717028, 5.648974, 5.703782
nl6, i15, 23, 3, -1, 28, 5.267858, NaN, 5.411646, 5.468060, 5.505332, 5.446737, 5.533389, 5.652489
nl6, i8, 26, 3, 1, 28, 5.459586, 5.537334, 5.402677, 5.393628, 5.501258, 5.517453, 5.579730, 5.476464
nl6, i6, 35, 4, 1, 28, 5.463832, 5.843544, 5.849325, 5.298317, 5.624018, 5.298317, 5.288267, 5.605802
nl6, i5, 41, 5, -1, 28, 5.288267, NaN, 5.351858, 5.318120, 5.293305, 5.420535, 5.411646, 5.342334
nl6, i16, 43, 5, 1, 28, 5.231109, 5.176150, 5.170484, 5.241747, 5.273000, 5.257495, 5.252273, 5.273000
nl6, i9, 48, 6, -1, 28, 5.209486, NaN, 5.247024, 5.225747, 5.262690, 5.252273, 5.257495, 5.323010
nl6, i7, 54, 6, -1, 28, 5.438079, NaN, 5.451038, 5.365976, 5.476464, 5.472271, 5.575949, 5.662960
nl6, i3, 57, 6, -1, 28, 5.347108, NaN, 5.332719, 5.288267, 5.361292, 5.384495, 5.468060, 5.480639
nl6, i2, 59, 6, 1, 28, 5.886104, 5.765191, 5.894403, 5.758902, 5.700444, 5.717028, 5.594711, 5.594711
nl6, i10, 63, 7, 1, 28, 5.342334, 5.476464, 5.451038, 5.389072, 5.680173, 5.416100, 5.332719, 5.273000
nl6, i13, 68, 8, -1, 28, 5.950643, NaN, 5.978886, 5.897154, 5.802118, 5.662960, 5.897154, 5.717028
nl6, i1, 71, 8, -1, 28, 5.796058, NaN, 5.624018, 5.545177, 5.590987, 5.720312, 5.598422, 5.655992
nl7, i5, 4, 0, 1, 28, 8.343078, 9.207536, 7.330405, 6.366470, 6.366470, 6.234411, 6.152733, 6.495266
nl7, i11, 7, 1, 1, 28, 7.171657, 6.432940, 6.542472, 7.298445, 6.135565, 6.082219, 5.986452, 6.186209
nl7, i4, 12, 2, -1, 28, 7.303843, NaN, 7.603898, 6.100319, 6.100319, 6.169611, 6.672033, 6.280396
nl7, i6, 15, 2, -1, 28, 6.519147, NaN, 6.553933, 7.153052, 6.280396, 6.118097, 5.966147, 5.986452
nl7, i1, 22, 2, 1, 28, 6.135565, 6.295266, 8.674710, 6.100319, 6.045005, 6.063785, 5.924256, 5.762051
nl7, i3, 26, 3, 1, 28, 5.986452, 6.006353, 6.380123, 6.324359, 5.966147, 6.100319, 5.902633, 5.880533
nl7, i12, 35, 4, -1, 28, 6.118097, NaN, 6.249975, 6.483107, 6.542472, 6.063785, 6.006353, 6.234411
nl7, i13, 37, 4, 1, 28, 5.966147, 6.063785, 6.082219, 6.848005, 5.710427, 6.063785, 5.986452, 5.834811
nl7, i14, 43, 5, -1, 28, 5.736572, NaN, 6.045005, 6.045005, 5.966147, 6.100319, 5.924256, 6.025866
nl7, i7, 47, 5, 1, 28, 5.834811, 5.834811, 6.025866, 6.082219, 5.966147, 5.945421, 5.857933, 5.811141
nl7, i9, 49, 6, 1, 28, 6.393591, 6.324359, 6.082219, 6.309918, 5.986452, 5.924256, 5.880533, 5.924256
nl7, i16, 52, 7, -1, 28, 6.025866, NaN, 6.152733, 6.063785, 6.025866, 5.986452, 5.880533, 6.555357
nl7, i2, 60, 7, -1, 28, 6.118097, NaN, 8.572439, 6.169611, 6.483107, 6.905753, 6.598509, 5.966147
nl7, i15, 62, 7, 1, 28, 7.171657, 6.100319, 5.966147, 6.063785, 5.945421, 5.966147, 5.902633, 5.880533
nl7, i8, 66, 8, -1, 28, 6.063785, NaN, 6.152733, 6.234411, 5.924256, 6.135565, 5.924256, 6.152733
nl7, i10, 71, 8, -1, 28, 6.045005, NaN, 6.338594, 6.249975, 6.542472, 6.045005, 5.834811, 5.834811
nl8, i12, 2, 0, 1, 25, 6.059123, 6.338594, 6.618739, 6.124683, 6.212606, 6.265301, 5.963579, 6.473891
nl8, i16, 4, 1, 1, 25, 6.025866, 6.577861, 6.796824, 7.297768, 6.278521, 6.393591, 5.963579, 6.159095
nl8, i4, 7, 2, 1, 25, 6.481577, 6.594413, 7.003974, 6.373320, 6.406880, 6.410175, 5.945421, 6.169611
nl8, i3, 10, 3, -1, 25, 6.405228, NaN, 6.876265, 6.133398, 6.974479, 6.232448, 5.768321, 5.814131
nl8, i6, 14, 3, 1, 25, 7.535297, 6.701960, 7.454720, 5.978886, 6.047372, 5.860786, 5.874931, 5.942799
nl8, i13, 18, 4, -1, 25, 6.148468, NaN, 7.055313, 6.216606, 6.056784, 5.899897, 5.683580, 6.086775
nl8, i15, 22, 4, -1, 25, 6.444131, NaN, 6.400257, 6.470800, 5.918894, 5.828946, 5.837730, 6.363028
nl8, i7, 29, 4, -1, 25, 6.727432, NaN, 6.569481, 6.208590, 6.712956, 6.047372, 5.877736, 6.109248
nl8, i8, 32, 4, 1, 25, 6.238325, 6.137727, 6.771936, 6.340359, 6.175867, 5.926926, 5.758902, 5.953243
nl8, i11, 42, 5, -1, 25, 6.383507, NaN, 6.315358, 6.434547, 6.198479, 6.122493, 5.831882, 5.793014
nl8, i1, 48, 5, -1, 25, 6.276643, NaN, 6.614726, 6.579251, 6.432940, 5.891644, 6.248043, 5.852202
nl8, i9, 51, 5, -1, 25, 6.240276, NaN, 6.434547, 6.224558, 6.177944, 5.988961, 6.190315, 6.393591
nl8, i10, 55, 5, 1, 25, 5.918894, 5.897154, 6.077642, 6.879356, 5.937536, 6.173786, 5.707110, 5.746203
nl8, i14, 60, 6, 1, 25, 6.608001, 5.860786, 5.774552, 6.011267, 6.016157, 5.942799, 5.958425, 6.760415
nl8, i5, 68, 7, -1, 25, 5.605802, NaN, 6.421622, 5.860786, 5.817111, 6.436150, 5.703782, 5.913503
nl8, i2, 71, 7, 1, 25, 5.765191, 7.050123, 6.306275, 5.765191, 6.661855, 5.802118, 5.655992, 6.052089
nl9, i3, 2, 0, 1, 29, 6.753438, 7.806696, 7.270313, 6.335054, 7.018402, 6.682109, 6.371612, 6.431331
nl9, i16, 9, 1, -1, 29, 8.013674, NaN, 7.225481, 7.028201, 6.629363, 6.375025, 6.442540, 6.738152
nl9, i10, 16, 1, -1, 29, 7.970395, NaN, 6.734592, 6.862758, 6.769642, 6.463029, 6.098074, 6.473891
nl9, i8, 19, 1, -1, 29, 7.706163, NaN, 6.963190, 6.293419, 7.069023, 6.388561, 6.648985, 6.898715
nl9, i15, 24, 1, 1, 29, 6.463029, 7.271009, 7.033506, 6.411818, 5.998937, 6.815640, 6.144186, 6.492240
nl9, i2, 28, 2, -1, 29, 6.492240, NaN, 7.295056, 6.109248, 6.139885, 6.643790, 6.093570, 6.505784
nl9, i14, 32, 2, -1, 29, 6.220590, NaN, 6.156979, 6.113682, 5.902633, 6.400257, 6.021023, 6.575076
nl9, i1, 37, 2, 1, 29, 6.270988, 6.765039, 5.793014, 7.113142, 6.480045, 6.272877, 6.436150, 6.338594
nl9, i9, 40, 3, 1, 29, 6.429719, 6.813445, 6.326149, 6.385194, 6.135565, 6.200509, 6.625392, 6.682109
nl9, i11, 45, 4, 1, 29, 8.135054, 6.440947, 5.817111, 6.476972, 5.497168, 6.410175, 6.240276, 6.543912
nl9, i6, 49, 5, -1, 29, 7.527794, NaN, 6.915723, 6.413459, 6.144186, 6.903747, 6.056784, 6.827629
nl9, i4, 54, 5, -1, 29, 6.678342, NaN, 6.347389, 6.118097, 6.806829, 6.463029, 5.874931, 6.516193
nl9, i5, 56, 5, 1, 29, 7.450661, 6.403574, 7.803843, 6.122493, 6.601230, 6.542472, 6.232448, 6.793466
nl9, i13, 62, 6, 1, 29, 6.950815, 6.597146, 6.304449, 6.620073, 6.480045, 6.070738, 5.860786, 5.877736
nl9, i7, 66, 7, 1, 29, 6.490724, 7.984122, 6.154858, 6.424869, 6.455199, 6.224558, 6.037871, 6.037871
nl9, i12, 69, 8, -1, 29, 6.167516, NaN, 6.766192, 6.013715, 5.752573, 6.297109, 5.913503, 5.703782
